"var","est"
"(Intercept)",-4.40849978670421
"lnfaminc",1.08097755223111
"coveligd",2.26956759065039
