"var","est"
"(Intercept)",2.83321334309123
"hourly",-2.48490664882301
