"var","est"
"(Intercept)",2.68557734518721
"hourly",-2.08480348475828
