"var","est"
"(Intercept)",-6.42976828793334
"coveligd",1.11285632854838
"hourly",-0.813779882663014
"age",0.15060442236459
"agesq",-0.00147723574910568
"lnfaminc",0.932693414892201
