"var","est"
"(Intercept)",-0.896798034118731
"lnfaminc",0.779753954667758
"hourly",-1.99338140075595
