"var","est"
"(Intercept)",-6.06131690744037
"lnfaminc",1.65727314175841
