"var","est"
"(Intercept)",5.70175042650081
"lnlength",-1.4606057635139
