"var","est"
"(Intercept)",5.07014971177357
"hourly",-1.29684793921033
"lnlength",-1.05193643653117
