"var","est"
"(Intercept)",1.21434176849528
"lnfaminc",0.727701570686862
