"var","est"
"(Intercept)",-3.95589744139829
"lnfaminc",1.49548530280117
