"var","est"
"(Intercept)",-0.394659040001232
"age",0.0121000577611542
"hourly",-0.495813387838998
