"length","cdf"
"1",0.0540540540540541
"10",0.135135135135135
"25",0.162162162162162
"30",0.324324324324324
"40",0.378378378378378
"45",0.513513513513513
"60",0.648648648648649
"68",0.864864864864865
"90",0.972972972972973
"135",1
