"var","est"
"(Intercept)",-1.84963660845054
"age",0.0827692056206253
"agesq",-0.00124895568707615
"female",0.431599170543507
