"var","est"
"(Intercept)",6.35843043820144
"age",-0.0956279062530258
"coveligd",-2.29087545331363
