"var","est"
"(Intercept)",-0.0605451327435632
"age",-0.120879775265297
"lnfaminc",0.504570386317656
