"var","est"
"(Intercept)",-7.7411549043678
"age",0.1478520989695
"agesq",-0.00127303343129444
"widowed",0.799001815114136
