"var","est"
"(Intercept)",-3.59876673257415
"nochildren",-1.76300451774406
"separated",0.924801002618334
"divorced",0.657927669123246
