"var","est"
"(Intercept)",-1.16794738695639
"age",-0.0947342654475713
"male",0.872868172301023
"lnfaminc",0.299052859878781
"nevermarried",-0.885020955625273
