"var","est"
"(Intercept)",-2.52568406310352
"age",0.0142925451766698
"lnfaminc",-0.206586360035241
"hourly",0.449874515744652
"divorced",0.315276248484057
"coveligd",0.739561308431649
