"var","est"
"(Intercept)",-7.74115490436776
"age",0.147852098969498
"agesq",-0.00127303343129443
"widowed",0.799001815114137
