"var","est"
"(Intercept)",-9.82624116884826
"age",0.267566943730734
"agesq",-0.00259054259821496
"male",-1.09620860728918
"nevermarried",1.09617335285869
"BAplus",-0.57981507054169
