"var","est"
"lnlength",1.50690555368299
"1|2",4.29524318207721
"2|3",5.13708121707135
"3|4",6.69189904820784
"4|5",7.86749219423503
