"var","est"
"1|2",-1.64453119740411
"2|3",-0.928461222915251
"3|4",-0.104138570774539
"4|5",1.33646566506935
