"var","est"
"lnlength",1.5069055536826
"1|2",4.29524318207802
"2|3",5.13708121707062
"3|4",6.69189904820187
"4|5",7.86749219422492
