"var","est"
"1|2",-1.25272458969578
"2|3",-0.693159988435184
"3|4",-7.66758035775084e-06
"4|5",1.25275756191004
