"var","est"
"(Intercept)",1.74401110887847
"age",0.0296153754372296
"male",-0.726556384845861
"ltHS",-2.0697719110798
