"var","est"
"(Intercept)",-1.44867561546204
"age",0.0273236481528043
"male",0.586983791130053
"lnfaminc",0.425468726803664
"black",-0.743982621537175
"hisp",-0.576566066674976
"coveligd",0.47759737274774
