"var","est"
"(Intercept)",4.12499724879442
"lnfaminc",-1.27222168991072
