"var","est"
"(Intercept)",-5.4021135110394
"lnfaminc",1.24413562478611
