"var","est"
"(Intercept)",-2.95164505102273
"lnfaminc",0.580976894349013
