"var","est"
"(Intercept)",4.14044008035513
"lnfaminc",-1.20776940323722
