"var","est"
"(Intercept)",2.98709815403481
"lnfaminc",-0.836015313346674
