"var","est"
"(Intercept)",-3.87104852913489
"lnfaminc",0.876125644769579
